,Patient,meAUC,seAUC,meTTP,seTTP,mePTB,sePTB,rCurve,c_Curve
0,1,-16.77479258754495,85.03317427218143,0.3333333333333333,1,-0.6310017676893448,3.03914960148279,0.9286186867289152,6.057476769623824e-39
1,4,0.5064236440491143,20.206730412787408,0.0,0,-0.0040489684030879936,1.2933476808704345,0.9729525011007065,8.903829358014565e-58
2,6,17.170186775707556,103.56801230463378,0.25,1,0.7994033413080985,6.014976309103594,0.9446425898427444,3.5112936831773393e-40
3,16,0.18508402396375345,167.9596254428899,0.0,1,-0.5344323095718304,2.3632143006904567,0.9235224276731608,4.467584812325128e-54
4,27,131.2154840054184,503.6230436230437,0.75,2,3.484532033090407,15.022836640483701,0.8508812963882816,3.995645588232366e-25
